[{
    "name": "Atlanta",
    "coordinate": [-84.3911133, 33.7483101],
    "value": 1263
  }, {
    "name": "Austin",
    "coordinate": [-97.743061, 30.267153],
    "value": 870
  }, {
    "name": "Baltimore",
    "coordinate": [-76.612189, 39.290385],
    "value": 1064
  }, {
    "name": "Birmingham",
    "coordinate": [-86.810357, 33.518589],
    "value": 1364
  }, {
    "name": "Boston",
    "coordinate": [-71.097679, 42.361839],
    "value": 1112
  }, {
    "name": "Buffalo",
    "coordinate": [-78.878369, 42.886447],
    "value": 1028
  }, {
    "name": "Charlotte",
    "coordinate": [-80.843127, 35.227087],
    "value": 1057
  }, {
    "name": "Chicago",
    "coordinate": [-87.629798, 41.878114],
    "value": 937
  }, {
    "name": "Cincinnati",
    "coordinate": [-84.51202, 39.103118],
    "value": 1065
  }, {
    "name": "Cleveland",
    "coordinate": [-81.694361, 41.49932],
    "value": 994
  }, {
    "name": "Columbus",
    "coordinate": [-82.998794, 39.961176],
    "value": 998
  }, {
    "name": "Dallas",
    "coordinate": [-96.796988, 32.776664],
    "value": 954
  }, {
    "name": "Denver",
    "coordinate": [-104.990251, 39.739236],
    "value": 396
  }, {
    "name": "Detroit",
    "coordinate": [-83.045754, 42.331427],
    "value": 850
  }, {
    "name": "Hartford",
    "coordinate": [-72.673372, 41.765804],
    "value": 1165
  }, {
    "name": "Houston",
    "coordinate": [-95.369803, 29.760427],
    "value": 1264
  }, {
    "name": "Indianapolis",
    "coordinate": [-86.158068, 39.768403],
    "value": 1078
  },
  {
    "name": "Jacksonville",
    "coordinate": [-81.655651, 30.332184],
    "value": 1331
  },
  {
    "name": "Kansas City",
    "coordinate": [-94.578567, 39.099727],
    "value": 992
  }, {
    "name": "Las Vegas",
    "coordinate": [-115.13983, 36.169941],
    "value": 106
  }, {
    "name": "Los Angeles",
    "coordinate": [-118.243685, 34.052234],
    "value": 326
  }, {
    "name": "Louisville",
    "coordinate": [-85.758456, 38.252665],
    "value": 1141
  }, {
    "name": "Memphis",
    "coordinate": [-90.04898, 35.149534],
    "value": 1363
  }, {
    "name": "Miami",
    "coordinate": [-80.19179, 25.76168],
    "value": 1572
  }, {
    "name": "Milwaukee",
    "coordinate": [-87.906474, 43.038903],
    "value": 883
  }, {
    "name": "Minneapolis",
    "coordinate": [-93.265011, 44.977753],
    "value": 777
  }, {
    "name": "Nashville",
    "coordinate": [-86.781602, 36.162664],
    "value": 1200
  }, {
    "name": "New Orleans",
    "coordinate": [-90.071532, 29.951066],
    "value": 1592
  }, {
    "name": "New York",
    "coordinate": [-74.005973, 40.712775],
    "value": 1268
  }, {
    "name": "Oklahoma City",
    "coordinate": [-97.516428, 35.46756],
    "value": 928
  }, {
    "name": "Orlando",
    "coordinate": [-81.379236, 28.538336],
    "value": 1289
  }, {
    "name": "Philadelphia",
    "coordinate": [-75.165222, 39.952584],
    "value": 1055
  }, {
    "name": "Phoenix",
    "coordinate": [-112.074037, 33.448377],
    "value": 208
  }, {
    "name": "Pittsburgh",
    "coordinate": [-79.995886, 40.440625],
    "value": 970
  }, {
    "name": "Portland",
    "coordinate": [-122.658719, 45.512231],
    "value": 1104
  }, {
    "name": "Providence",
    "coordinate": [-71.412834, 41.823989],
    "value": 1198
  }, {
    "name": "Raleigh",
    "coordinate": [-78.638179, 35.77959],
    "value": 1169
  }, {
    "name": "Richmond",
    "coordinate": [-77.436048, 37.540725],
    "value": 1107
  }, {
    "name": "Riverside",
    "coordinate": [-117.375494, 33.980601],
    "value": 262
  }, {
    "name": "Rochester",
    "coordinate": [-77.608847, 43.156578],
    "value": 870
  }, {
    "name": "Sacramento",
    "coordinate": [-121.4944, 38.581572],
    "value": 470
  }, {
    "name": "Salt Lake City",
    "coordinate": [-111.891047, 40.760779],
    "value": 409
  }, {
    "name": "San Diego",
    "coordinate": [-117.161084, 32.715738],
    "value": 263
  }, {
    "name": "San Francisco",
    "coordinate": [-122.419416, 37.77493],
    "value": 525
  }, {
    "name": "San Jose",
    "coordinate": [-121.886329, 37.338208],
    "value": 402
  }, {
    "name": "Seattle",
    "coordinate": [-122.332071, 47.60621],
    "value": 958
  }, {
    "name": "St. Louis",
    "coordinate": [-90.199404, 38.627003],
    "value": 1040
  }, {
    "name": "Tampa",
    "coordinate": [-82.457178, 27.950575],
    "value": 1176
  }, {
    "name": "Virginia Beach",
    "coordinate": [-75.977985, 36.852926],
    "value": 1182
  }, {
    "name": "Washington",
    "coordinate": [],
    "value": 1009
  }
]