{
    "type": "FeatureCollection",
    "features": [{
        "type": "Feature",
        "geometry": {
            "type": "Point",
            "coordinates": [-86.279118, 32.361538]
        }, 
        "properties": {
            "state": "Alabama",
            "name": "Montgomery"
        }
    }, {
        "type": "Feature",
        "geometry": {
            "type": "Point",
            "coordinates": [-134.41974, 58.301935]
        },
        "properties": {
            "state": "Alaska",
            "name": "Juneau"
        }
    }, {
        "type": "Feature",
        "geometry": {
            "type": "Point",
            "coordinates": [-112.073844, 33.448457]
        },
        "properties": {
            "state": "Arizona",
            "name": "Phoenix"
        }
    }, {
        "type": "Feature",
        "geometry": {
            "type": "Point",
            "coordinates": [-92.331122, 34.736009]
        },
        "properties": {
            "state": "Arkansas",
            "name": "Little Rock"
        }
    }, {
        "type": "Feature",
        "geometry": {
            "type": "Point",
            "coordinates": [-121.468926, 38.555605]
        },
        "properties": {
            "state": "California",
            "name": "Sacramento"
        }
    }, {
        "type": "Feature",
        "geometry": {
            "type": "Point",
            "coordinates": [-104.984167, 39.7391667]
        },
        "properties": {
            "state": "Colorado",
            "name": "Denver"
        }
    }, {
        "type": "Feature",
        "geometry": {
            "type": "Point",
            "coordinates": [-72.677, 41.767]
        },
        "properties": {
            "state": "Connecticut",
            "name": "Hartford"
        }
    }, {
        "type": "Feature",
        "geometry": {
            "type": "Point",
            "coordinates": [-75.526755, 39.161921]
        },
        "properties": {
            "state": "Delaware",
            "name": "Dover"
        }
    }, {
        "type": "Feature",
        "geometry": {
            "type": "Point",
            "coordinates": [-84.27277, 30.4518]
        },
        "properties": {
            "state": "Florida",
            "name": "Tallahassee"
        }
    }, {
        "type": "Feature",
        "geometry": {
            "type": "Point",
            "coordinates": [-84.39, 33.76]
        },
        "properties": {
            "state": "Georgia",
            "name": "Atlanta"
        }
    }, {
        "type": "Feature",
        "geometry": {
            "type": "Point",
            "coordinates": [-157.826182, 21.30895]
        },
        "properties": {
            "state": "Hawaii",
            "name": "Honolulu"
        }
    }, {
        "type": "Feature",
        "geometry": {
            "type": "Point",
            "coordinates": [-116.237651, 43.613739]
        },
        "properties": {
            "state": "Idaho",
            "name": "Boise"
        }
    }, {
        "type": "Feature",
        "geometry": {
            "type": "Point",
            "coordinates": [-89.650373, 39.78325]
        },
        "properties": {
            "state": "Illinois",
            "name": "Springfield"
        }
    }, {
        "type": "Feature",
        "geometry": {
            "type": "Point",
            "coordinates": [-86.147685, 39.790942]
        },
        "properties": {
            "state": "Indiana",
            "name": "Indianapolis"
        }
    }, {
        "type": "Feature",
        "geometry": {
            "type": "Point",
            "coordinates": [-93.620866, 41.590939]
        },
        "properties": {
            "state": "Iowa",
            "name": "Des Moines"
        }
    }, {
        "type": "Feature",
        "geometry": {
            "type": "Point",
            "coordinates": [-95.69, 39.04]
        },
        "properties": {
            "state": "Kansas",
            "name": "Topeka"
        }
    }, {
        "type": "Feature",
        "geometry": {
            "type": "Point",
            "coordinates": [-84.86311, 38.197274]
        },
        "properties": {
            "state": "Kentucky",
            "name": "Frankfort"
        }
    }, {
        "type": "Feature",
        "geometry": {
            "type": "Point",
            "coordinates": [-91.140229, 30.45809]
        },
        "properties": {
            "state": "Louisiana",
            "name": "Baton Rouge"
        }
    }, {
        "type": "Feature",
        "geometry": {
            "type": "Point",
            "coordinates": [-69.765261, 44.323535]
        },
        "properties": {
            "state": "Maine",
            "name": "Augusta"
        }
    }, {
        "type": "Feature",
        "geometry": {
            "type": "Point",
            "coordinates": [-76.501157, 38.972945]
        },
        "properties": {
            "state": "Maryland",
            "name": "Annapolis"
        }
    }, {
        "type": "Feature",
        "geometry": {
            "type": "Point",
            "coordinates": [-71.0275, 42.2352]
        },
        "properties": {
            "state": "Massachusetts",
            "name": "Boston"
        }
    }, {
        "type": "Feature",
        "geometry": {
            "type": "Point",
            "coordinates": [-84.5467, 42.7335]
        },
        "properties": {
            "state": "Michigan",
            "name": "Lansing"
        }
    }, {
        "type": "Feature",
        "geometry": {
            "type": "Point",
            "coordinates": [-93.094, 44.95]
        },
        "properties": {
            "state": "Minnesota",
            "name": "Saint Paul"
        }
    }, {
        "type": "Feature",
        "geometry": {
            "type": "Point",
            "coordinates": [-90.207, 32.32]
        },
        "properties": {
            "state": "Mississippi",
            "name": "Jackson"
        }
    }, {
        "type": "Feature",
        "geometry": {
            "type": "Point",
            "coordinates": [-92.189283, 38.572954]
        },
        "properties": {
            "state": "Missouri",
            "name": "Jefferson City"
        }
    }, {
        "type": "Feature",
        "geometry": {
            "type": "Point",
            "coordinates": [-112.027031, 46.595805]
        },
        "properties": {
            "state": "Montana",
            "name": "Helana"
        }
    }, {
        "type": "Feature",
        "geometry": {
            "type": "Point",
            "coordinates": [-96.675345, 40.809868]
        },
        "properties": {
            "state": "Nebraska",
            "name": "Lincoln"
        }
    }, {
        "type": "Feature",
        "geometry": {
            "type": "Point",
            "coordinates": [-119.753877, 39.160949]
        },
        "properties": {
            "state": "Nevada",
            "name": "Carson City"
        }
    }, {
        "type": "Feature",
        "geometry": {
            "type": "Point",
            "coordinates": [-71.549127, 43.220093]
        },
        "properties": {
            "state": "New Hampshire",
            "name": "Concord"
        }
    }, {
        "type": "Feature",
        "geometry": {
            "type": "Point",
            "coordinates": [-74.756138, 40.221741]
        },
        "properties": {
            "state": "New Jersey",
            "name": "Trenton"
        }
    }, {
        "type": "Feature",
        "geometry": {
            "type": "Point",
            "coordinates": [-105.964575, 35.667231]
        },
        "properties": {
            "state": "New Mexico",
            "name": "Santa Fe"
        }
    }, {
        "type": "Feature",
        "geometry": {
            "type": "Point",
            "coordinates": [-73.781339, 42.659829]
        },
        "properties": {
            "state": "New York",
            "name": "Albany"
        }
    }, {
        "type": "Feature",
        "geometry": {
            "type": "Point",
            "coordinates": [-78.638, 35.771]
        },
        "properties": {
            "state": "North Carolina",
            "name": "Raleigh"
        }
    }, {
        "type": "Feature",
        "geometry": {
            "type": "Point",
            "coordinates": [-100.779004, 48.813343]
        },
        "properties": {
            "state": "North Dakota",
            "name": "Bismarck"
        }
    }, {
        "type": "Feature",
        "geometry": {
            "type": "Point",
            "coordinates": [-83.000647, 39.962245]
        },
        "properties": {
            "state": "Ohio",
            "name": "Columbus"
        }
    }, {
        "type": "Feature",
        "geometry": {
            "type": "Point",
            "coordinates": [-97.534994, 35.482309]
        },
        "properties": {
            "state": "Oklahoma",
            "name": "Oklahoma City"
        }
    }, {
        "type": "Feature",
        "geometry": {
            "type": "Point",
            "coordinates": [-123.029159, 44.931109]
        },
        "properties": {
            "state": "Oregon",
            "name": "Salem"
        }
    }, {
        "type": "Feature",
        "geometry": {
            "type": "Point",
            "coordinates": [-76.875613, 40.269789]
        },
        "properties": {
            "state": "Pennsylvania",
            "name": "Harrisburg"
        }
    }, {
        "type": "Feature",
        "geometry": {
            "type": "Point",
            "coordinates": [-71.422132, 41.82355]
        },
        "properties": {
            "state": "Rhode Island",
            "name": "Providence"
        }
    }, {
        "type": "Feature",
        "geometry": {
            "type": "Point",
            "coordinates": [-81.035, 34]
        },
        "properties": {
            "state": "South Carolina",
            "name": "Columbia"
        }
    }, {
        "type": "Feature",
        "geometry": {
            "type": "Point",
            "coordinates": [-100.336378, 44.367966]
        },
        "properties": {
            "state": "South Dakota",
            "name": "Pierre"
        }
    }, {
        "type": "Feature",
        "geometry": {
            "type": "Point",
            "coordinates": [-86.784, 36.165]
        },
        "properties": {
            "state": "Tennessee",
            "name": "Nashville"
        }
    }, {
        "type": "Feature",
        "geometry": {
            "type": "Point",
            "coordinates": [-97.75, 30.266667]
        },
        "properties": {
            "state": "Texas",
            "name": "Austin"
        }
    }, {
        "type": "Feature",
        "geometry": {
            "type": "Point",
            "coordinates": [-111.892622, 40.7547]
        },
        "properties": {
            "state": "Utah",
            "name": "Salt Lake City"
        }
    }, {
        "type": "Feature",
        "geometry": {
            "type": "Point",
            "coordinates": [-72.57194, 44.26639]
        },
        "properties": {
            "state": "Vermont",
            "name": "Montpelier"
        }
    }, {
        "type": "Feature",
        "geometry": {
            "type": "Point",
            "coordinates": [-77.46, 37.54]
        },
        "properties": {
            "state": "Virginia",
            "name": "Richmond"
        }
    }, {
        "type": "Feature",
        "geometry": {
            "type": "Point",
            "coordinates": [-122.893077, 47.042418]
        },
        "properties": {
            "state": "Washington",
            "name": "Olympia"
        }
    }, {
        "type": "Feature",
        "geometry": {
            "type": "Point",
            "coordinates": [-81.633294, 38.349497]
        },
        "properties": {
            "state": "West Virginia",
            "name": "Charleston"
        }
    }, {
        "type": "Feature",
        "geometry": {
            "type": "Point",
            "coordinates": [-89.384444, 43.074722]
        },
        "properties": {
            "state": "Wisconsin",
            "name": "Madison"
        }
    }, {
        "type": "Feature",
        "geometry": {
            "type": "Point",
            "coordinates": [-104.802042, 41.145548]
        },
        "properties": {
            "state": "Wyoming",
            "name": "Cheyenne"
        }
    }]
}